{
  "IcoMoonType": "selection",
  "icons": [
    {
      "icon": {
        "paths": [
          "M750.933 247.467c-12.8-21.333-38.4-34.133-68.267-34.133h-469.333c-46.933 0-85.333 38.4-85.333 85.333v426.667c0 46.933 38.4 85.333 85.333 85.333h469.333c29.867 0 55.467-12.8 68.267-34.133l187.733-264.533-187.733-264.533zM682.667 725.333h-469.333v-426.667h469.333l149.333 213.333-149.333 213.333z"
        ],
        "attrs": [
          {
            "fill": "rgb(0, 94, 188)"
          }
        ],
        "isMulticolor": false,
        "isMulticolor2": false,
        "grid": 0,
        "tags": [
          "Survey_selected"
        ],
        "colorPermutations": {
          "128128128125525525516061651941881": [
            {
              "f": 1
            }
          ]
        }
      },
      "attrs": [
        {
          "fill": "rgb(0, 94, 188)"
        }
      ],
      "properties": {
        "order": 3,
        "id": 24,
        "name": "Survey_selected",
        "prevSize": 32
      },
      "setIdx": 0,
      "setId": 2,
      "iconIdx": 0
    },
    {
      "icon": {
        "paths": [
          "M896 456.533h-341.333v-341.333c187.733 0 341.333 153.6 341.333 341.333zM810.667 541.867c0 119.467-59.733 221.867-153.6 285.867l-166.4-285.867h320zM469.333 883.2c-119.467 0-221.867-59.733-285.867-153.6l277.333-162.133 157.867 277.333c-42.667 25.6-93.867 38.4-149.333 38.4zM128 541.867c0-187.733 153.6-341.333 341.333-341.333v315.733l-307.2 174.933c-21.333-42.667-34.133-93.867-34.133-149.333z"
        ],
        "attrs": [
          {
            "fill": "rgb(0, 94, 188)"
          }
        ],
        "isMulticolor": false,
        "isMulticolor2": false,
        "grid": 0,
        "tags": [
          "Results_selected"
        ],
        "colorPermutations": {
          "128128128125525525516061651941881": [
            {
              "f": 1
            }
          ]
        }
      },
      "attrs": [
        {
          "fill": "rgb(0, 94, 188)"
        }
      ],
      "properties": {
        "order": 6,
        "id": 21,
        "name": "Results_selected",
        "prevSize": 32
      },
      "setIdx": 0,
      "setId": 2,
      "iconIdx": 3
    },
    {
      "icon": {
        "paths": [
          "M896 456.533h-341.333v-341.333c187.733 0 341.333 153.6 341.333 341.333zM810.667 541.867c0 119.467-59.733 221.867-153.6 285.867l-166.4-285.867h320zM469.333 883.2c-119.467 0-221.867-59.733-285.867-153.6l277.333-162.133 157.867 277.333c-42.667 25.6-93.867 38.4-149.333 38.4zM128 541.867c0-187.733 153.6-341.333 341.333-341.333v315.733l-307.2 174.933c-21.333-42.667-34.133-93.867-34.133-149.333z"
        ],
        "attrs": [
          {}
        ],
        "isMulticolor": false,
        "isMulticolor2": false,
        "grid": 0,
        "tags": [
          "Results_not-selected"
        ],
        "colorPermutations": {
          "128128128125525525516061651941881": [
            {}
          ]
        }
      },
      "attrs": [
        {}
      ],
      "properties": {
        "order": 7,
        "id": 20,
        "name": "Results_not-selected",
        "prevSize": 32
      },
      "setIdx": 0,
      "setId": 2,
      "iconIdx": 4
    },
    {
      "icon": {
        "paths": [],
        "attrs": [],
        "isMulticolor": false,
        "isMulticolor2": false,
        "grid": 0,
        "tags": [
          "Project_selected"
        ],
        "colorPermutations": {
          "128128128125525525516061651941881": []
        }
      },
      "attrs": [],
      "properties": {
        "order": 8,
        "id": 19,
        "name": "Project_selected",
        "prevSize": 32
      },
      "setIdx": 0,
      "setId": 2,
      "iconIdx": 5
    },
    {
      "icon": {
        "paths": [
          "M426.667 170.667h-256c-46.933 0-85.333 38.4-85.333 85.333v512c0 46.933 38.4 85.333 85.333 85.333h682.667c46.933 0 85.333-38.4 85.333-85.333v-426.667c0-46.933-38.4-85.333-85.333-85.333h-341.333l-85.333-85.333z"
        ],
        "attrs": [
          {
            "fill": "rgb(128, 128, 128)"
          }
        ],
        "isMulticolor": false,
        "isMulticolor2": false,
        "grid": 0,
        "tags": [
          "Project_not-selected"
        ],
        "colorPermutations": {
          "128128128125525525516061651941881": [
            {
              "f": 2
            }
          ]
        }
      },
      "attrs": [
        {
          "fill": "rgb(128, 128, 128)"
        }
      ],
      "properties": {
        "order": 9,
        "id": 18,
        "name": "Project_not-selected",
        "prevSize": 32
      },
      "setIdx": 0,
      "setId": 2,
      "iconIdx": 6
    },
    {
      "icon": {
        "paths": [
          "M512 85.333h-29.867v4.267l4.267-4.267h4.267c-21.333 0-42.667 8.533-59.733 17.067l29.867 81.067c-25.6-8.533 8.533-12.8 51.2-12.8v-85.333h-0zM264.533 157.867c-4.267 4.267-8.533 8.533-8.533 8.533v0h-4.267c0 4.267 4.267 0 4.267 4.267v0c0 0-8.533 0-12.8 0v0 0 0 0c-4.267 0 12.8 0 12.8 0v0 0 0 0 0c0 4.267-8.533 0-8.533 0h-8.533l8.533 4.267h8.533c-42.667 21.333-59.733 42.667-81.067 72.533l64 51.2c21.333-25.6 46.933-51.2 72.533-68.267l-46.933-72.533zM102.4 358.4v0 0 0 0 0 0 0 0c0 4.267-4.267 4.267 0 0-4.267 4.267-4.267 4.267 0 0 0 4.267 0 4.267 0 4.267v0 0 0 0 0 0 0h-17.067l8.533 21.333v0c-4.267 0-8.533-17.067-8.533-17.067v0l8.533 17.067v0c-4.267 0-8.533-17.067-8.533-17.067v0l8.533 17.067v0c-4.267 0-8.533-17.067-8.533-17.067v0l4.267 17.067h-4.267c4.267 0 0-17.067 0-17.067v0l4.267 17.067h-4.267c4.267 0 0-12.8 0-12.8v0l4.267 12.8h-4.267c4.267 0 0-12.8 0-12.8v0 0 0 0 0 0 0l4.267 12.8h-4.267c4.267 0 0-12.8 0-12.8v0 0 0 0 0 0 0 0 0 0 0c0 4.267 4.267 12.8 4.267 12.8h-4.267c4.267 0 0-8.533 0-8.533v0 0 0l4.267 8.533h-4.267c4.267 0 0-8.533 0-8.533v0 0 0l4.267 8.533h-4.267c4.267 0 0-8.533 0-8.533v0 0 0 0 0 0 0 0 0c0 4.267 4.267 8.533 4.267 8.533v0 0-4.267c-4.267 0 0 4.267 0 4.267v0-4.267h8.533c-12.8 8.533-8.533 4.267-8.533 4.267v0 4.267c-4.267 0 0-4.267 0-4.267v0 4.267c-4.267 4.267 0-4.267 0-4.267v0 8.533c-4.267 0 0-8.533 0-8.533v0 8.533c-4.267 0-4.267-8.533-4.267-8.533v0 8.533c0 4.267 0-8.533 0-8.533v0 0c0 0 0 12.8 0 17.067v0 0 0 0 0 0 0 0 0 0 0 0c0 4.267 0-17.067 0-17.067v0 38.4c0 0 0-17.067 0-12.8v0 0 0 25.6h-8.533c0 0 0 8.533-4.267 17.067l85.333 4.267c4.267 0 12.8-34.133 21.333-68.267l-76.8-29.867zM166.4 588.8l-85.333 21.333c4.267 4.267 4.267 12.8 4.267 17.067v4.267l4.267 8.533v-12.8l4.267 8.533h-4.267v-8.533l4.267 8.533c8.533 42.667 25.6 59.733 38.4 89.6l72.533-42.667c-17.067-25.6-29.867-59.733-38.4-93.867v0zM268.8 763.733l-59.733 72.533c4.267 0 12.8 17.067 17.067 17.067h-8.533l-4.267-12.8v8.533l12.8 8.533v-4.267 0 0 0 0 8.533l-17.067-4.267v0 0-4.267l8.533 8.533h8.533c25.6 0 55.467 34.133 85.333 51.2l38.4-81.067c-25.6-25.6-55.467-46.933-81.067-68.267v0zM554.667 853.333c-17.067 0-38.4 0-55.467 0s-34.133 0-46.933-4.267l-12.8 85.333c8.533 0 29.867 4.267 29.867 4.267v0 0 0 0 0 0 0 0 0 0 0 0 0 0 0 0 0 0 0 0 0 0 0 0 0 0 0 0 0 0 0 0 0 0 0 0 0 0 0 0 0 0 0 0 0 0 0 0 0 0 0 0 0 0 0 0 0 0 0 0 0 0 0 0 0 0 0 0 0 0 0 0 0 0 0 0 0 0 0 0 0 0 0 0 0 0 0 0 0 0 0 0 0 0 0 0 0 0 0 0 0 0 0 0 0 0 0 0 0 0 0 0 0 0 0 0 0 0 0 0 0 0 0 0 0 0 0 0 0 0 0 0 0 0 0 0 0 0 0 0 0 0 0 0 0 0 0 0 0 0 0 0 0 0 0 0 0 0 0 0 0 0 0 0 0 0 0 0 0 0 0 0 0 0 0 0 0 0 0 0 0 0 0 0 0 0 0 0 0 0 0 0 0 0 0 0 0 0 0 0 0 0 0 0 0 0 0 0 0 0 0 0 0 0 0 0 0 0 0 0 0 0 0h42.667c17.067 0 42.667 0 42.667-4.267v0 0 0h8.533l-8.533-81.067zM733.867 759.467c-25.6 25.6-51.2 42.667-85.333 59.733l38.4 76.8c4.267-4.267 12.8 0 17.067-4.267v0 4.267h8.533l8.533-12.8v4.267 0 0l-12.8 8.533v-0 8.533l8.533-8.533v-4.267c0 0 0 0 0-4.267v8.533 0-8.533l-4.267 17.067 4.267-8.533v-8.533c8.533-4.267 21.333-12.8 29.867-21.333v0 0 0 0 0 0 0 0 0 0 0 0 0 0 0 0 0 0 0 0 0 0h8.533v4.267l-4.267 4.267h4.267l4.267-4.267v4.267 0 4.267 0 4.267-8.533l-17.067 8.533v-8.533 0 4.267-8.533 0-4.267l21.333-4.267-21.333 8.533v4.267l12.8-12.8h8.533l21.333 4.267v4.267h-17.067l-34.133-110.933zM832 580.267c-8.533 34.133-21.333 68.267-34.133 98.133l81.067 42.667c4.267-4.267 17.067-12.8 17.067-17.067v0l-8.533-21.333h4.267l8.533 17.067v-8.533l-12.8-8.533h8.533l8.533 17.067c0 0-8.533 0-4.267 0h12.8l-4.267-8.533h-4.267c12.8 0 12.8-51.2 17.067-81.067l-25.6-4.267h8.533l8.533-8.533h-8.533l-8.533 8.533v-4.267h8.533l-72.533-21.333zM896 358.4l-81.067 29.867c12.8 29.867 29.867 64 29.867 98.133l93.867-8.533v-4.267h-12.8c-4.267-42.667-8.533-42.667-21.333-85.333v0 0 0 0h-4.267v0c-4.267-4.267-4.267-12.8-4.267-12.8v0 0 0l4.267 8.533v-8.533h-4.267l4.267 12.8v-12.8l4.267 12.8v-12.8l4.267 12.8h-8.533c0-46.933-4.267-25.6-4.267-29.867v0zM733.867 157.867l-46.933 72.533c29.867 17.067 55.467 42.667 76.8 68.267l64-55.467v-17.067h-4.267l-4.267 17.067v-8.533c0 0 12.8-8.533 8.533-8.533h-4.267v0h4.267v8.533l-8.533 8.533h4.267l4.267-8.533v-8.533l-8.533 8.533v4.267h4.267l8.533-17.067v4.267 0 0-8.533c0 0 0 4.267 0 0v0 0 0 0 0-4.267c-46.933-21.333-72.533-38.4-98.133-55.467v0zM512 85.333v85.333c0 0 59.733 4.267 89.6 12.8l21.333-81.067c-8.533-4.267-17.067-8.533-25.6-12.8v0c0 0 0-4.267-4.267-4.267v0 0 0 0 0h4.267v4.267l-8.533-4.267v0c-72.533 0-72.533 0-76.8 0 4.267 0 4.267 0 0 0 4.267 0 4.267 0 0 0 4.267 0 4.267 0 0 0 4.267 0 4.267 0 0 0 4.267 0 4.267 0 0 0 4.267 0 4.267 0 0 0 4.267 0 4.267 0 0 0v0c4.267 0 4.267 0 0 0 4.267 0 4.267 0 0 0 4.267 0 4.267 0 0 0 4.267 0 4.267 0 0 0v0 0 0 0 0 0 0 0 0 0 0 0 0 0 0 0 0 0 0 0 0 0 0 0 0c-4.267 0-4.267 0 0 0-4.267 0-4.267 0 0 0-4.267 0-4.267 0 0 0-4.267 0-4.267 0 0 0-4.267 0-4.267 0 0 0-4.267 0-4.267 0 0 0-4.267 0-4.267 0 0 0-4.267 0-4.267 0 0 0-4.267 0-4.267 0 0 0-4.267 0-4.267 0 0 0-4.267 0-4.267 0 0 0-4.267 0-4.267 0-4.267 0v0 0 0 0 0 0 0 0 0 0 0 0 0 0 0 0 0 0 0 0 0 0 0 0 0 0 0 0 0 0 0 0 0 0 0 0 0 0 0 0 0 0 0 0 0 0 0c-8.533 0 4.267 0 4.267 0v0z"
        ],
        "attrs": [
          {
            "fill": "rgb(0, 94, 188)"
          }
        ],
        "isMulticolor": false,
        "isMulticolor2": false,
        "grid": 0,
        "tags": [
          "Pending_selected"
        ],
        "colorPermutations": {
          "128128128125525525516061651941881": [
            {
              "f": 1
            }
          ]
        }
      },
      "attrs": [
        {
          "fill": "rgb(0, 94, 188)"
        }
      ],
      "properties": {
        "order": 10,
        "id": 17,
        "name": "Pending_selected",
        "prevSize": 32
      },
      "setIdx": 0,
      "setId": 2,
      "iconIdx": 7
    },
    {
      "icon": {
        "paths": [
          "M512 85.333h-34.133v12.8l-51.2-12.8h4.267l-4.267 4.267v12.8h4.267v4.267h-4.267l17.067 4.267v-21.333c-17.067 0-38.4-4.267-38.4-4.267v0 0 0 0h-21.333v8.533l17.067-8.533c0 0-17.067 4.267-17.067 4.267v4.267c0 4.267-8.533 4.267-21.333 8.533l34.133 81.067c34.133-8.533 72.533-12.8 115.2-12.8v-85.333zM260.267 157.867c-21.333 17.067-42.667 34.133-59.733 51.2v0 0 0 0 8.533h8.533c-4.267-4.267 4.267-8.533 4.267-8.533v0l-12.8 4.267h12.8c0-4.267 0 0 0 0v0 0h-4.267c-4.267 0 4.267 0 4.267 0v0h-17.067v-8.533c-8.533 8.533-25.6 12.8-25.6 12.8v0h8.533l8.533-8.533c0 4.267-17.067 8.533-17.067 8.533v0 0-4.267c0 4.267 17.067 0 17.067 0v0l-17.067 4.267c0 0 0 0 0 4.267v0 0 0 0 0 0l8.533-8.533h-4.267l-4.267 8.533h12.8v-8.533h-4.267l-8.533 12.8v-4.267c0-4.267 12.8-8.533 12.8-8.533v0l-12.8 8.533v4.267h-4.267c4.267 0 8.533-12.8 8.533-12.8h4.267l-8.533 8.533v4.267h4.267v17.067-12.8c-4.267 17.067 0 25.6 0 25.6v0l-4.267-8.533v-0c0 0 0 8.533 0 8.533v0-12.8c0 0 0-4.267 0 0v0 0 0 0 0 0 0 0 0 0 0 0 0 0 0 0 0 0 0 0 0 0 0 0 0 0 0 0 0 0 0 0 0 0 0 0 0 0 0 0 0 0 0 0 0 0 0 0 0 0 0 0 0 0 0 0 0 0 0 0 0 0 0 0 0 0 0 0l59.733 55.467c21.333-25.6 46.933-51.2 76.8-68.267l-46.933-72.533zM102.4 358.4c-12.8 34.133-21.333 72.533-25.6 115.2h8.533v4.267l81.067 4.267c0-29.867 4.267-64 17.067-93.867l-81.067-29.867zM166.4 588.8l-89.6 21.333c4.267 17.067 8.533 38.4 8.533 55.467v8.533l17.067 8.533h-8.533v0h-4.267l-4.267-12.8 8.533 12.8h-4.267l-4.267-12.8 8.533 12.8h-4.267l-4.267-12.8h0l8.533 8.533h-4.267l-4.267-8.533 8.533 4.267h-4.267l-4.267-4.267 12.8 4.267h12.8c4.267 12.8 12.8 29.867 21.333 42.667v0 0 0 0 0 0 0 0 0 0 0 0l72.533-42.667c-17.067-21.333-29.867-51.2-38.4-85.333v0zM268.8 763.733l-59.733 64 4.267 4.267v-0h-8.533v8.533 0-4.267 4.267h8.533c17.067 12.8 38.4 29.867 55.467 38.4v0 0 0 0 0 0 0 0 17.067h8.533l8.533-17.067v8.533 0 4.267l-12.8 4.267 12.8-8.533v4.267l-12.8 4.267v-4.267l8.533-4.267v-4.267c17.067 8.533 29.867 12.8 38.4 12.8l34.133-76.8c-29.867-12.8-59.733-34.133-85.333-55.467v0zM554.667 853.333c-17.067 0-38.4 0-55.467 0s-34.133 0-46.933-4.267l-12.8 85.333 4.267 4.267h21.333c0 0 8.533 0 12.8 0v0 0 0 0 0 0 0 0 0 0 0 0 0 0 0 0 0 0 0 0 0 0 0 0 0 0 0 0 0 0 0 0 0 0 0 0 0 0 0 0 0 0 0 0 0 0 0 0 0 0 0 0 0 0 0 0 0 0 0 0 0 0 0 0 0 0 0 0 0 0 0 0 0 0 0 0 0 0 0 0 0 0 0 0 0 0 0 0 0 0 0 0 0 0 0 0 0 0 0 0 0 0 0 0 0 0 0 0 0 0 0 0 0 0 0 0 0 0 0 0 0 0 0 0 0 0 0 0 0 0 0 0 0 0 0 0 0 0 0 0 0 0 0 0 0 0 0 0 0 0 0 0 0 0 0 0 0 0 0 0 0 0 0 0 0 0 0 0 0 0 0 0 0 0 0 0 0 0 0 0 0 0 0 0 0 0 0 0 0 0 0 0 0 0 0 0 0 0 0 0 0 0 0 0 0 0 0 0 0 0 0 0 0 0 0 0 0 0 0 0 0 0 0 0 0 0 0 0 0 0 0 0 0 0 0 0 0 0 0 0 0 0 0 0 0 0 0 0 0 0 0 0 0 0 0 0 0 0 0 0 0 0 0 0 0 0 0 0 0 0 0 0 0 0 0 0 0 0 0 0 0 0 0 0 0 0 0 0 0 0 0 0 0 0 0 0 0 0 0 0 0 0 0 0 0 0 0 0 0 0 0 0 0 0 0 0 0 0 0 0 0 0 0 0 0 0 0 0 0 0 0 0 0 0 0 0 0 0 0 0 0 0 0 0 0 0 0 0 0 0 0 0 0 0 0 0 0 0 0 0 0 0 0 0 0 0 0 0 0 0 0 0 0 0 0 0 0 0 0 0 0 0 0 0 0 0 0 0 0 0 0 0 0 0 0 0 0 0 0 0 0 0 0 0 0 0 0 0 0 0 0 0 0 0 0 0 0 0 0 0 0 0 0 0 0 0 0 0 0 0 0 0 0 0 0 0 0 0 0 0 0 0 0 0 0 0 0 0 0 0 0 0 0 0 0 0 0 0 0 0 0 0 0l76.8-85.333zM733.867 759.467c-25.6 25.6-51.2 42.667-85.333 59.733l38.4 76.8c8.533-4.267 21.333-12.8 29.867-17.067v0 0 0 0 0 0 0 0 0 0 0 0 0 0 0 0 0 0 0 0 0 0 0 0 0 0 0 0 0 0 0 0 0 0 0 0 0 0 0 0 0 0 0 0 0 0 0 0 0 0 0 0 0 0 0c17.067-12.8 38.4-25.6 55.467-42.667l-38.4-76.8zM832 584.533c-8.533 34.133-21.333 64-34.133 93.867l72.533 42.667c0-4.267 4.267-4.267 4.267-8.533v0c0 0 0-4.267 4.267-4.267v0 0 0 0 0 0 0 0 0 0 0 0 0 0 0 0 0 0 0 0 0 0 0 0 0 0 0 0 0c0 0 0 0 0-4.267v0 0 0 0 0 0 0 0 0 0 0 0 0 0 0c12.8-25.6 21.333-55.467 25.6-81.067l-72.533-38.4zM887.467 349.867l-76.8 34.133c12.8 29.867 21.333 64 25.6 98.133l93.867-8.533c0-8.533 8.533-12.8 8.533-21.333v8.533l-8.533 8.533h8.533v-17.067l-8.533-17.067h4.267l4.267 17.067-8.533-17.067h4.267l4.267 17.067-8.533-17.067h-0v0h-0l8.533 12.8-12.8-12.8h-4.267l17.067 4.267v4.267h-34.133v4.267l21.333 4.267h-8.533v0h0v0h0l-8.533-12.8 8.533 17.067h-4.267l-4.267-17.067 8.533-17.067h-4.267l-4.267 17.067 8.533-17.067h-4.267l-4.267 17.067 8.533-17.067h4.267l-12.8 4.267v4.267c-12.8-51.2-17.067-64-21.333-81.067v0zM733.867 157.867l-46.933 72.533c29.867 17.067 55.467 42.667 76.8 68.267l64-55.467c-12.8-17.067-29.867-29.867-42.667-46.933v0 0 0 0 0 0 0 0 0 0 0 0 0 0 0 0 0 0 0 0-17.067h-4.267l-8.533 21.333v-8.533 0 4.267c0 0 4.267 4.267 4.267 0l8.533-17.067-12.8 8.533v-4.267l8.533-4.267-8.533 8.533v-12.8l8.533-4.267v4.267 0 4.267-8.533l4.267 4.267v-4.267c-29.867-4.267-42.667-8.533-51.2-12.8v0zM512 85.333v85.333c0 0 59.733 4.267 89.6 12.8l21.333-81.067c-34.133-8.533-68.267-17.067-102.4-17.067v0l-8.533-0c0 0 4.267 0 0 0 4.267 0 4.267 0 0 0 4.267 0 4.267 0 0 0 4.267 0 4.267 0 0 0 4.267 0 4.267 0 0 0 4.267 0 4.267 0 0 0 4.267 0 4.267 0 0 0 4.267 0 4.267 0 0 0 4.267 0 0 0 0 0v0 0 0 0 0 0 0 0 0 0 0 0 0 0 0 0 0 0 0 0c-4.267 0-4.267 0 0 0-4.267 0-4.267 0 0 0-4.267 0-4.267 0 0 0-4.267 0-4.267 0 0 0-4.267 0-4.267 0 0 0-4.267 0-4.267 0 0 0-4.267 0-4.267 0 0 0-4.267 0-4.267 0 0 0-4.267 0-4.267 0 0 0-4.267 0-4.267 0 0 0-4.267 0-4.267 0 0 0-4.267 0-4.267 0-4.267 0v0 0 0 0 0 0 0 0 0 0 0 0 0 0 0 0 0 0 0 0 0 0 0 0 0 0 0 0 0 0 0 0 0 0 0 0 0 0 0 0 0 0 0 0 0c-8.533 0 4.267 0 4.267 0v0z"
        ],
        "attrs": [
          {
            "fill": "rgb(128, 128, 128)"
          }
        ],
        "isMulticolor": false,
        "isMulticolor2": false,
        "grid": 0,
        "tags": [
          "Pending_not-selected"
        ],
        "colorPermutations": {
          "128128128125525525516061651941881": [
            {
              "f": 2
            }
          ]
        }
      },
      "attrs": [
        {
          "fill": "rgb(128, 128, 128)"
        }
      ],
      "properties": {
        "order": 11,
        "id": 16,
        "name": "Pending_not-selected",
        "prevSize": 32
      },
      "setIdx": 0,
      "setId": 2,
      "iconIdx": 8
    },
    {
      "icon": {
        "paths": [
          "M810.667 554.667h-256v256h-85.333v-256h-256v-85.333h256v-256h85.333v256h256v85.333z"
        ],
        "attrs": [
          {
            "fill": "rgb(0, 94, 188)"
          }
        ],
        "isMulticolor": false,
        "isMulticolor2": false,
        "grid": 0,
        "tags": [
          "New-survey_selected"
        ],
        "colorPermutations": {
          "128128128125525525516061651941881": [
            {
              "f": 1
            }
          ]
        }
      },
      "attrs": [
        {
          "fill": "rgb(0, 94, 188)"
        }
      ],
      "properties": {
        "order": 12,
        "id": 15,
        "name": "New-survey_selected",
        "prevSize": 32
      },
      "setIdx": 0,
      "setId": 2,
      "iconIdx": 9
    },
    {
      "icon": {
        "paths": [
          "M810.667 554.667h-256v256h-85.333v-256h-256v-85.333h256v-256h85.333v256h256v85.333z"
        ],
        "attrs": [
          {
            "fill": "rgb(128, 128, 128)"
          }
        ],
        "isMulticolor": false,
        "isMulticolor2": false,
        "grid": 0,
        "tags": [
          "New-survey_not-selected"
        ],
        "colorPermutations": {
          "128128128125525525516061651941881": [
            {
              "f": 2
            }
          ]
        }
      },
      "attrs": [
        {
          "fill": "rgb(128, 128, 128)"
        }
      ],
      "properties": {
        "order": 13,
        "id": 14,
        "name": "New-survey_not-selected",
        "prevSize": 32
      },
      "setIdx": 0,
      "setId": 2,
      "iconIdx": 10
    },
    {
      "icon": {
        "paths": [
          "M853.333 256h-341.333l-85.333-85.333h-256c-46.933 0-85.333 38.4-85.333 85.333v512c0 46.933 38.4 85.333 85.333 85.333h682.667c46.933 0 85.333-38.4 85.333-85.333v-426.667c0-46.933-38.4-85.333-85.333-85.333zM810.667 597.333h-128v128h-85.333v-128h-128v-85.333h128v-128h85.333v128h128v85.333z"
        ],
        "attrs": [
          {
            "fill": "rgb(0, 94, 188)"
          }
        ],
        "isMulticolor": false,
        "isMulticolor2": false,
        "grid": 0,
        "tags": [
          "New-culture-project_selected"
        ],
        "colorPermutations": {
          "128128128125525525516061651941881": [
            {
              "f": 1
            }
          ]
        }
      },
      "attrs": [
        {
          "fill": "rgb(0, 94, 188)"
        }
      ],
      "properties": {
        "order": 14,
        "id": 13,
        "name": "New-culture-project_selected",
        "prevSize": 32
      },
      "setIdx": 0,
      "setId": 2,
      "iconIdx": 11
    },
    {
      "icon": {
        "paths": [
          "M853.333 256h-341.333l-85.333-85.333h-256c-46.933 0-85.333 38.4-85.333 85.333v512c0 46.933 38.4 85.333 85.333 85.333h682.667c46.933 0 85.333-38.4 85.333-85.333v-426.667c0-46.933-38.4-85.333-85.333-85.333zM810.667 597.333h-128v128h-85.333v-128h-128v-85.333h128v-128h85.333v128h128v85.333z"
        ],
        "attrs": [
          {
            "fill": "rgb(128, 128, 128)"
          }
        ],
        "isMulticolor": false,
        "isMulticolor2": false,
        "grid": 0,
        "tags": [
          "New-culture-project_not-selected"
        ],
        "colorPermutations": {
          "128128128125525525516061651941881": [
            {
              "f": 2
            }
          ]
        }
      },
      "attrs": [
        {
          "fill": "rgb(128, 128, 128)"
        }
      ],
      "properties": {
        "order": 15,
        "id": 12,
        "name": "New-culture-project_not-selected",
        "prevSize": 32
      },
      "setIdx": 0,
      "setId": 2,
      "iconIdx": 12
    },
    {
      "icon": {
        "paths": [
          "M285.867 320l-59.733-59.733c-38.4 51.2-59.733 123.733-68.267 166.4h85.333c8.533-42.667 21.333-76.8 42.667-106.667zM469.333 213.333v-85.333c-42.667 8.533-123.733 29.867-174.933 68.267l59.733 59.733c34.133-21.333 68.267-38.4 110.933-42.667zM157.867 507.733c8.533 59.733 29.867 115.2 68.267 166.4l59.733-59.733c-21.333-34.133-38.4-68.267-42.667-106.667zM358.4 742.4l196.267 192v-132.267c170.667-21.333 298.667-166.4 298.667-337.067s-128-315.733-298.667-337.067v85.333c128 21.333 213.333 123.733 213.333 251.733s-85.333 230.4-213.333 251.733v-166.4l-196.267 192z"
        ],
        "attrs": [
          {
            "fill": "rgb(0, 94, 188)"
          }
        ],
        "isMulticolor": false,
        "isMulticolor2": false,
        "grid": 0,
        "tags": [
          "In-progress_selected"
        ],
        "colorPermutations": {
          "128128128125525525516061651941881": [
            {
              "f": 1
            }
          ]
        }
      },
      "attrs": [
        {
          "fill": "rgb(0, 94, 188)"
        }
      ],
      "properties": {
        "order": 16,
        "id": 11,
        "name": "In-progress_selected",
        "prevSize": 32
      },
      "setIdx": 0,
      "setId": 2,
      "iconIdx": 13
    },
    {
      "icon": {
        "paths": [
          "M285.867 320l-59.733-59.733c-38.4 51.2-59.733 123.733-68.267 166.4h85.333c8.533-42.667 21.333-76.8 42.667-106.667zM469.333 213.333v-85.333c-42.667 8.533-123.733 29.867-174.933 68.267l59.733 59.733c34.133-21.333 68.267-38.4 110.933-42.667zM157.867 507.733c8.533 59.733 29.867 115.2 68.267 166.4l59.733-59.733c-21.333-34.133-38.4-68.267-42.667-106.667zM358.4 742.4l196.267 192v-132.267c170.667-21.333 298.667-166.4 298.667-337.067s-128-315.733-298.667-337.067v85.333c128 21.333 213.333 123.733 213.333 251.733s-85.333 230.4-213.333 251.733v-166.4l-196.267 192z"
        ],
        "attrs": [
          {
            "fill": "rgb(128, 128, 128)"
          }
        ],
        "isMulticolor": false,
        "isMulticolor2": false,
        "grid": 0,
        "tags": [
          "In-progress_not-selected"
        ],
        "colorPermutations": {
          "128128128125525525516061651941881": [
            {
              "f": 2
            }
          ]
        }
      },
      "attrs": [
        {
          "fill": "rgb(128, 128, 128)"
        }
      ],
      "properties": {
        "order": 17,
        "id": 10,
        "name": "In-progress_not-selected",
        "prevSize": 32
      },
      "setIdx": 0,
      "setId": 2,
      "iconIdx": 14
    },
    {
      "icon": {
        "paths": [
          "M716.8 405.333l-42.667 42.667-89.6-89.6 42.667-42.667c8.533-8.533 25.6-8.533 34.133 0l55.467 55.467c8.533 12.8 8.533 25.6 0 34.133zM307.2 618.667l209.067-200.533 93.867 98.133-196.267 209.067h-110.933l4.267-106.667z",
          "M512 853.333c-187.733 0-341.333-153.6-341.333-341.333s153.6-341.333 341.333-341.333 341.333 153.6 341.333 341.333-153.6 341.333-341.333 341.333zM512 85.333c-234.667 0-426.667 192-426.667 426.667s192 426.667 426.667 426.667 426.667-192 426.667-426.667-192-426.667-426.667-426.667z"
        ],
        "attrs": [
          {
            "fill": "rgb(0, 94, 188)"
          },
          {
            "fill": "rgb(0, 94, 188)"
          }
        ],
        "isMulticolor": false,
        "isMulticolor2": false,
        "grid": 0,
        "tags": [
          "Draft_selected"
        ],
        "colorPermutations": {
          "128128128125525525516061651941881": [
            {
              "f": 1
            },
            {
              "f": 1
            }
          ]
        }
      },
      "attrs": [
        {
          "fill": "rgb(0, 94, 188)"
        },
        {
          "fill": "rgb(0, 94, 188)"
        }
      ],
      "properties": {
        "order": 18,
        "id": 9,
        "name": "Draft_selected",
        "prevSize": 32
      },
      "setIdx": 0,
      "setId": 2,
      "iconIdx": 15
    },
    {
      "icon": {
        "paths": [
          "M721.067 379.733l-42.667 42.667-89.6-89.6 42.667-42.667c8.533-8.533 25.6-8.533 34.133 0l55.467 55.467c8.533 8.533 8.533 21.333 0 34.133zM311.467 584.533l209.067-196.267 93.867 89.6-196.267 204.8h-110.933l4.267-98.133z",
          "M512 853.333c-187.733 0-341.333-153.6-341.333-341.333s153.6-341.333 341.333-341.333 341.333 153.6 341.333 341.333-153.6 341.333-341.333 341.333zM512 85.333c-234.667 0-426.667 192-426.667 426.667s192 426.667 426.667 426.667 426.667-192 426.667-426.667-192-426.667-426.667-426.667z"
        ],
        "attrs": [
          {
            "fill": "rgb(128, 128, 128)"
          },
          {
            "fill": "rgb(128, 128, 128)"
          }
        ],
        "isMulticolor": false,
        "isMulticolor2": false,
        "grid": 0,
        "tags": [
          "Draft_not-selected"
        ],
        "colorPermutations": {
          "128128128125525525516061651941881": [
            {
              "f": 2
            },
            {
              "f": 2
            }
          ]
        }
      },
      "attrs": [
        {
          "fill": "rgb(128, 128, 128)"
        },
        {
          "fill": "rgb(128, 128, 128)"
        }
      ],
      "properties": {
        "order": 19,
        "id": 8,
        "name": "Draft_not-selected",
        "prevSize": 32
      },
      "setIdx": 0,
      "setId": 2,
      "iconIdx": 16
    },
    {
      "icon": {
        "paths": [
          "M524.8 870.4c-187.733 0-341.333-153.6-341.333-341.333s153.6-341.333 341.333-341.333c187.733 0 341.333 153.6 341.333 341.333s-153.6 341.333-341.333 341.333zM524.8 102.4c-234.667 0-426.667 192-426.667 426.667s192 426.667 426.667 426.667 426.667-192 426.667-426.667-187.733-426.667-426.667-426.667zM776.533 418.133l-320 320-174.933-174.933 51.2-51.2 119.467 119.467 268.8-264.533 55.467 51.2z"
        ],
        "attrs": [
          {
            "fill": "rgb(0, 94, 188)"
          }
        ],
        "isMulticolor": false,
        "isMulticolor2": false,
        "grid": 0,
        "tags": [
          "Complete_selected"
        ],
        "colorPermutations": {
          "128128128125525525516061651941881": [
            {
              "f": 1
            }
          ]
        }
      },
      "attrs": [
        {
          "fill": "rgb(0, 94, 188)"
        }
      ],
      "properties": {
        "order": 20,
        "id": 7,
        "name": "Complete_selected",
        "prevSize": 32
      },
      "setIdx": 0,
      "setId": 2,
      "iconIdx": 17
    },
    {
      "icon": {
        "paths": [
          "M524.8 870.4c-187.733 0-341.333-153.6-341.333-341.333s153.6-341.333 341.333-341.333c187.733 0 341.333 153.6 341.333 341.333s-153.6 341.333-341.333 341.333zM524.8 102.4c-234.667 0-426.667 192-426.667 426.667s192 426.667 426.667 426.667 426.667-192 426.667-426.667-187.733-426.667-426.667-426.667zM776.533 418.133l-320 320-174.933-174.933 51.2-51.2 119.467 119.467 268.8-264.533 55.467 51.2z"
        ],
        "attrs": [
          {
            "fill": "rgb(128, 128, 128)"
          }
        ],
        "isMulticolor": false,
        "isMulticolor2": false,
        "grid": 0,
        "tags": [
          "Complete_not-selected"
        ],
        "colorPermutations": {
          "128128128125525525516061651941881": [
            {
              "f": 2
            }
          ]
        }
      },
      "attrs": [
        {
          "fill": "rgb(128, 128, 128)"
        }
      ],
      "properties": {
        "order": 21,
        "id": 6,
        "name": "Complete_not-selected",
        "prevSize": 32
      },
      "setIdx": 0,
      "setId": 2,
      "iconIdx": 18
    },
    {
      "icon": {
        "paths": [
          "M337.067 657.067l196.267-196.267 196.267 196.267 59.733-59.733-256-256-256 256 59.733 59.733z"
        ],
        "attrs": [
          {}
        ],
        "isMulticolor": false,
        "isMulticolor2": false,
        "grid": 0,
        "tags": [
          "Chevron-up_selected"
        ],
        "colorPermutations": {
          "128128128125525525516061651941881": [
            {}
          ]
        }
      },
      "attrs": [
        {}
      ],
      "properties": {
        "order": 22,
        "id": 5,
        "name": "Chevron-up_selected",
        "prevSize": 32
      },
      "setIdx": 0,
      "setId": 2,
      "iconIdx": 19
    },
    {
      "icon": {
        "paths": [],
        "attrs": [],
        "isMulticolor": false,
        "isMulticolor2": false,
        "grid": 0,
        "tags": [
          "Chevron-down_not-selected"
        ],
        "colorPermutations": {
          "128128128125525525516061651941881": []
        }
      },
      "attrs": [],
      "properties": {
        "order": 23,
        "id": 4,
        "name": "Chevron-down_not-selected",
        "prevSize": 32
      },
      "setIdx": 0,
      "setId": 2,
      "iconIdx": 20
    },
    {
      "icon": {
        "paths": [
          "M827.733 686.933v-315.733h-490.667v315.733h490.667zM827.733 196.267c38.4 0 68.267 29.867 68.267 68.267v418.133c0 38.4-29.867 68.267-68.267 68.267h-490.667c-38.4 0-68.267-29.867-68.267-68.267v-413.867c0-38.4 29.867-68.267 68.267-68.267h34.133v-72.533h68.267v68.267h277.333v-68.267h68.267v68.267h42.667zM704 477.867l-153.6 153.6-93.867-93.867 38.4-38.4 55.467 55.467 119.467-119.467 34.133 42.667zM196.267 827.733h490.667v68.267h-490.667c-38.4 0-68.267-29.867-68.267-68.267v-422.4h68.267v422.4z"
        ],
        "attrs": [
          {
            "fill": "rgb(0, 94, 188)"
          }
        ],
        "isMulticolor": false,
        "isMulticolor2": false,
        "grid": 0,
        "tags": [
          "Assessment-monitoring_selected"
        ],
        "colorPermutations": {
          "128128128125525525516061651941881": [
            {
              "f": 1
            }
          ]
        }
      },
      "attrs": [
        {
          "fill": "rgb(0, 94, 188)"
        }
      ],
      "properties": {
        "order": 24,
        "id": 3,
        "name": "Assessment-monitoring_selected",
        "prevSize": 32
      },
      "setIdx": 0,
      "setId": 2,
      "iconIdx": 21
    },
    {
      "icon": {
        "paths": [
          "M827.733 686.933v-315.733h-490.667v315.733h490.667zM827.733 196.267c38.4 0 68.267 29.867 68.267 68.267v418.133c0 38.4-29.867 68.267-68.267 68.267h-490.667c-38.4 0-68.267-29.867-68.267-68.267v-413.867c0-38.4 29.867-68.267 68.267-68.267h34.133v-72.533h68.267v68.267h277.333v-68.267h68.267v68.267h42.667zM704 477.867l-153.6 153.6-93.867-93.867 38.4-38.4 55.467 55.467 119.467-119.467 34.133 42.667zM196.267 827.733h490.667v68.267h-490.667c-38.4 0-68.267-29.867-68.267-68.267v-422.4h68.267v422.4z"
        ],
        "attrs": [
          {}
        ],
        "isMulticolor": false,
        "isMulticolor2": false,
        "grid": 0,
        "tags": [
          "Assessment-monitoring_not-selected"
        ],
        "colorPermutations": {
          "128128128125525525516061651941881": [
            {}
          ]
        }
      },
      "attrs": [
        {}
      ],
      "properties": {
        "order": 25,
        "id": 2,
        "name": "Assessment-monitoring_not-selected",
        "prevSize": 32
      },
      "setIdx": 0,
      "setId": 2,
      "iconIdx": 22
    },
    {
      "icon": {
        "paths": [
          "M128 529.067h640v-85.333h-640zM128 230.4v85.333h768v-85.333zM128 742.4h469.333v-85.333h-469.333v85.333z"
        ],
        "attrs": [
          {
            "fill": "rgb(0, 94, 188)"
          }
        ],
        "isMulticolor": false,
        "isMulticolor2": false,
        "grid": 0,
        "tags": [
          "Assessment-design_selected"
        ],
        "colorPermutations": {
          "128128128125525525516061651941881": [
            {
              "f": 1
            }
          ]
        }
      },
      "attrs": [
        {
          "fill": "rgb(0, 94, 188)"
        }
      ],
      "properties": {
        "order": 26,
        "id": 1,
        "name": "Assessment-design_selected",
        "prevSize": 32
      },
      "setIdx": 0,
      "setId": 2,
      "iconIdx": 23
    },
    {
      "icon": {
        "paths": [
          "M128 529.067h640v-85.333h-640zM128 230.4v85.333h768v-85.333zM128 742.4h469.333v-85.333h-469.333v85.333z"
        ],
        "attrs": [
          {}
        ],
        "isMulticolor": false,
        "isMulticolor2": false,
        "grid": 0,
        "tags": [
          "Assessment-design_not-selected"
        ],
        "colorPermutations": {
          "128128128125525525516061651941881": [
            {}
          ]
        }
      },
      "attrs": [
        {}
      ],
      "properties": {
        "order": 27,
        "id": 0,
        "name": "Assessment-design_not-selected",
        "prevSize": 32
      },
      "setIdx": 0,
      "setId": 2,
      "iconIdx": 24
    }
  ],
  "height": 1024,
  "preferences": {
    "showGlyphs": true,
    "showQuickUse": true,
    "showQuickUse2": true,
    "showSVGs": true,
    "fontPref": {
      "prefix": "icon-",
      "metadata": {
        "fontFamily": "icomoon"
      },
      "metrics": {
        "emSize": 1024,
        "baseline": 6.25,
        "whitespace": 50
      },
      "embed": false
    },
    "imagePref": {
      "prefix": "icon-",
      "png": true,
      "useClassSelector": true,
      "color": 0,
      "bgColor": 16777215,
      "classSelector": ".icon"
    },
    "historySize": 100,
    "showCodes": true,
    "gridSize": 16
  }
}